"","id","title","isPartOf","publicationYear","doi","docType","docSubType","provider","collection","datePublished","issueNumber","volumeNumber","url","creator","publisher","language","pageStart","pageEnd","placeOfPublication","wordCount","pageCount","outputFormat","Journal","select"
"1","http://www.jstor.org/stable/10.1017/s0022381612000461","Social Networks and Correct Voting","The Journal of Politics",2012,NA,"article","research-article","jstor",NA,2012-07-01,3,74,"http://www.jstor.org/stable/10.1017/s0022381612000461","Anand Edward Sokhey; Scott D. McClurg","The University of Chicago Press","eng","751","764",NA,6157,14,"unigram; bigram; trigram","JOP",1
"2","http://www.jstor.org/stable/10.1046/j.1468-2508.2004.00142.x","“Targeted” Advertising and Voter Turnout: An Experimental Study of the 2000 Presidential Election","The Journal of Politics",2004,NA,"article","research-article","jstor",NA,2004-02-01,1,66,"http://www.jstor.org/stable/10.1046/j.1468-2508.2004.00142.x","Joshua D. Clinton; John S. Lapinski","The University of Chicago Press","eng","69","96",NA,7756,28,"unigram; bigram; trigram","JOP",1
"3","http://www.jstor.org/stable/10.1017/s0022381609990119","Heeding the Call: The Effect of Targeted Two-Round Phone Banks on Voter Turnout","The Journal of Politics",2009,NA,"article","research-article","jstor",NA,2009-10-01,4,71,"http://www.jstor.org/stable/10.1017/s0022381609990119","Melissa R. Michelson; Lisa García Bedolla; Margaret A. McConnell","The University of Chicago Press","eng","1549","1563",NA,7892,15,"unigram; bigram; trigram","JOP",1
"4","http://www.jstor.org/stable/10.1017/s0022381610000034","Trusting What You Know: Information, Knowledge, and Confidence in Social Security","The Journal of Politics",2010,NA,"article","research-article","jstor",NA,2010-04-01,2,72,"http://www.jstor.org/stable/10.1017/s0022381610000034","Fay Lomax Cook; Lawrence R. Jacobs; Dukhong Kim","The University of Chicago Press","eng","397","412",NA,5531,16,"unigram; bigram; trigram","JOP",1
"5","http://www.jstor.org/stable/10.1017/s0022381608080651","Reconsidering the Effects of Education on Political Participation","The Journal of Politics",2008,NA,"article","research-article","jstor",NA,2008-07-01,3,70,"http://www.jstor.org/stable/10.1017/s0022381608080651","Cindy D. Kam; Carl L. Palmer","The University of Chicago Press","eng","612","631",NA,8492,20,"unigram; bigram; trigram","JOP",1
"6","http://www.jstor.org/stable/2647962","The Effect of a Nonpartisan Get-Out-the-Vote Drive: An Experimental Study of Leafletting","The Journal of Politics",2000,NA,"article","research-article","jstor",NA,2000-08-01,3,62,"http://www.jstor.org/stable/2647962","Alan S. Gerber; Donald P. Green","University of Chicago Press","eng","846","857",NA,5132,12,"unigram; bigram; trigram","JOP",1
"7","http://www.jstor.org/stable/10.1017/s0022381611001769","Entry and Coordination in Mixed-Member Systems: A Controlled Comparison Testing the <em>Contamination</em> Hypothesis","The Journal of Politics",2012,NA,"article","research-article","jstor",NA,2012-03-28,2,74,"http://www.jstor.org/stable/10.1017/s0022381611001769","Brian F. Crisp; Joshua D. Potter; John J. W. Lee","The University of Chicago Press","eng","571","583",NA,7349,13,"unigram; bigram; trigram","JOP",1
"8","http://www.jstor.org/stable/10.1017/s0022381610000216","Short-Term Communication Effects or Longstanding Dispositions? The Public’s Response to the Financial Crisis of 2008","The Journal of Politics",2010,NA,"article","research-article","jstor",NA,2010-07-01,3,72,"http://www.jstor.org/stable/10.1017/s0022381610000216","Neil Malhotra; Yotam Margalit","The University of Chicago Press","eng","852","867",NA,6944,16,"unigram; bigram; trigram","JOP",1
"9","http://www.jstor.org/stable/10.1086/681718","Incumbency Disadvantage under Electoral Rules with Intraparty Competition: Evidence from Japan","The Journal of Politics",2015,NA,"article","research-article","jstor",NA,2015-07-01,3,77,"http://www.jstor.org/stable/10.1086/681718","Kenichi Ariga","The University of Chicago Press","eng","874","887",NA,9233,14,"unigram; bigram; trigram","JOP",1
"10","http://www.jstor.org/stable/10.1111/1468-2508.t01-1-00126","Getting Out the Vote in Local Elections: Results from Six Door-to-Door Canvassing Experiments","The Journal of Politics",2003,NA,"article","research-article","jstor",NA,2003-11-01,4,65,"http://www.jstor.org/stable/10.1111/1468-2508.t01-1-00126","Donald P. Green; Alan S. Gerber; David W. Nickerson","The University of Chicago Press","eng","1083","1096",NA,4397,14,"unigram; bigram; trigram","JOP",1
"11","http://www.jstor.org/stable/10.1017/s0022381612000540","What Makes Us Click? Demonstrating Incentives for Angry Discourse with Digital-Age Field Experiments","The Journal of Politics",2012,NA,"article","research-article","jstor",NA,2012-10-01,4,74,"http://www.jstor.org/stable/10.1017/s0022381612000540","Timothy J. Ryan","The University of Chicago Press","eng","1138","1152",NA,6971,15,"unigram; bigram; trigram","JOP",1
"12","http://www.jstor.org/stable/10.1017/s002238161100079x","Do Individual Representatives Influence Government Transfers? Evidence from Japan","The Journal of Politics",2011,NA,"article","research-article","jstor",NA,2011-10-18,4,73,"http://www.jstor.org/stable/10.1017/s002238161100079x","Shigeo Hirano","The University of Chicago Press","eng","1081","1094",NA,6528,14,"unigram; bigram; trigram","JOP",1
"13","http://www.jstor.org/stable/10.1017/s0022381611001708","A Field Experiment on Legislators’ Home Styles: Service versus Policy","The Journal of Politics",2012,NA,"article","research-article","jstor",NA,2012-03-28,2,74,"http://www.jstor.org/stable/10.1017/s0022381611001708","Daniel M. Butler; Christopher F. Karpowitz; Jeremy C. Pope","The University of Chicago Press","eng","474","486",NA,7011,13,"unigram; bigram; trigram","JOP",1
"14","http://www.jstor.org/stable/10.1086/678388","Dual Allegiances? Immigrants’ Attitudes toward Immigration","The Journal of Politics",2015,NA,"article","research-article","jstor",NA,2015-01-01,1,77,"http://www.jstor.org/stable/10.1086/678388","Aida Just; Christopher J. Anderson","The University of Chicago Press","eng","188","201",NA,6457,14,"unigram; bigram; trigram","JOP",1
"15","http://www.jstor.org/stable/10.1111/j.1468-2508.2005.00321.x","Residual Votes Attributable to Technology","The Journal of Politics",2005,NA,"article","research-article","jstor",NA,2005-05-01,2,67,"http://www.jstor.org/stable/10.1111/j.1468-2508.2005.00321.x","Stephen Ansolabehere; Charles Stewart III","The University of Chicago Press","eng","365","389",NA,7265,25,"unigram; bigram; trigram","JOP",1
"16","http://www.jstor.org/stable/10.1086/682400","Terrorism, Spoiling, and the Resolution of Civil Wars","The Journal of Politics",2015,NA,"article","research-article","jstor",NA,2015-10-01,4,77,"http://www.jstor.org/stable/10.1086/682400","Michael G. Findley; Joseph K. Young","The University of Chicago Press","eng","1115","1128",NA,8004,14,"unigram; bigram; trigram","JOP",1
"17","http://www.jstor.org/stable/10.1111/j.1468-2508.2007.00578.x","Ideological Adaptation? The Survival Instinct of Threatened Legislators","The Journal of Politics",2007,NA,"article","research-article","jstor",NA,2007-08-01,3,69,"http://www.jstor.org/stable/10.1111/j.1468-2508.2007.00578.x","Thad Kousser; Jeffrey B. Lewis; Seth E. Masket","The University of Chicago Press","eng","828","843",NA,7600,16,"unigram; bigram; trigram","JOP",1
"18","http://www.jstor.org/stable/10.1017/s0022381610000095","Congressional Parties and Civil Rights Politics from 1933 to 1972","The Journal of Politics",2010,NA,"article","research-article","jstor",NA,2010-07-01,3,72,"http://www.jstor.org/stable/10.1017/s0022381610000095","Eric Schickler; Kathryn Pearson; Brian D. Feinstein","The University of Chicago Press","eng","672","689",NA,7504,18,"unigram; bigram; trigram","JOP",1
"19","http://www.jstor.org/stable/10.1017/s0022381610000174","Party Power or Preferences? Quasi-Experimental Evidence from American State Legislatures","The Journal of Politics",2010,NA,"article","research-article","jstor",NA,2010-07-01,3,72,"http://www.jstor.org/stable/10.1017/s0022381610000174","Gary W. Cox; Thad Kousser; Mathew D. McCubbins","The University of Chicago Press","eng","799","811",NA,6843,13,"unigram; bigram; trigram","JOP",1
"20","http://www.jstor.org/stable/10.1017/s0022381608090117","Descriptive Social Norms and Motivation to Vote: Everybody's Voting and so Should You","The Journal of Politics",2009,NA,"article","research-article","jstor",NA,2009-01-01,1,71,"http://www.jstor.org/stable/10.1017/s0022381608090117","Alan S. Gerber; Todd Rogers","The University of Chicago Press","eng","178","191",NA,8179,14,"unigram; bigram; trigram","JOP",1
"21","http://www.jstor.org/stable/10.1111/j.1468-2508.2007.00575.x","Battleground States versus Blackout States: The Behavioral Implications of Modern Presidential Campaigns","The Journal of Politics",2007,NA,"article","research-article","jstor",NA,2007-08-01,3,69,"http://www.jstor.org/stable/10.1111/j.1468-2508.2007.00575.x","James G. Gimpel; Karen M. Kaufmann; Shanna Pearson-Merkowitz","The University of Chicago Press","eng","786","797",NA,5086,12,"unigram; bigram; trigram","JOP",1
"22","http://www.jstor.org/stable/10.1086/678391","Do Voter Registration Drives Increase Participation? For Whom and When?","The Journal of Politics",2015,NA,"article","research-article","jstor",NA,2015-01-01,1,77,"http://www.jstor.org/stable/10.1086/678391","David W. Nickerson","The University of Chicago Press","eng","88","101",NA,8782,14,"unigram; bigram; trigram","JOP",1
"23","http://www.jstor.org/stable/10.1111/j.1468-2508.2007.00580.x","The Politics of Wine: Trade Barriers, Interest Groups, and the Commerce Clause","The Journal of Politics",2007,NA,"article","research-article","jstor",NA,2007-08-01,3,69,"http://www.jstor.org/stable/10.1111/j.1468-2508.2007.00580.x","Alan E. Wiseman; Jerry Ellig","The University of Chicago Press","eng","859","875",NA,8116,17,"unigram; bigram; trigram","JOP",1
"24","http://www.jstor.org/stable/10.1017/s0022381613001308","Increasing Inequality: The Effect of GOTV Mobilization on the Composition of the Electorate","The Journal of Politics",2013,NA,"article","research-article","jstor",NA,2013-11-29,1,76,"http://www.jstor.org/stable/10.1017/s0022381613001308","Ryan D. Enos; Anthony Fowler; Lynn Vavreck","The University of Chicago Press","eng","273","288",NA,7702,16,"unigram; bigram; trigram","JOP",1
"25","http://www.jstor.org/stable/10.1111/j.1468-2508.2006.00487.x","The Impact of Electoral Rules on Legislative Parties: Lessons from the Brazilian Senate and Chamber of Deputies","The Journal of Politics",2006,NA,"article","research-article","jstor",NA,2006-11-01,4,68,"http://www.jstor.org/stable/10.1111/j.1468-2508.2006.00487.x","Scott W. Desposato","The University of Chicago Press","eng","1018","1030",NA,6372,13,"unigram; bigram; trigram","JOP",1
"26","http://www.jstor.org/stable/10.1017/s0022381607080176","Do Televised Presidential Ads Increase Voter Turnout? Evidence from a Natural Experiment","The Journal of Politics",2008,NA,"article","research-article","jstor",NA,2008-01-01,1,70,"http://www.jstor.org/stable/10.1017/s0022381607080176","Jonathan S. Krasno; Donald P. Green","The University of Chicago Press","eng","245","261",NA,7115,17,"unigram; bigram; trigram","JOP",1
"27","http://www.jstor.org/stable/10.1017/s0022381612000667","Dispersing Authority or Deepening Divisions? Decentralization and Ethnoregional Party Success","The Journal of Politics",2012,NA,"article","research-article","jstor",NA,2012-10-01,4,74,"http://www.jstor.org/stable/10.1017/s0022381612000667","David Lublin","The University of Chicago Press","eng","1079","1093",NA,7923,15,"unigram; bigram; trigram","JOP",1
"28","http://www.jstor.org/stable/23275361","Candidate Genes and Political Behavior","The American Political Science Review",2012,NA,"article","research-article","jstor",NA,2012-02-01,1,106,"http://www.jstor.org/stable/23275361","EVAN CHARNEY; WILLIAM ENGLISH","American Political Science Association","eng","1","34",NA,29057,34,"unigram; bigram; trigram","APSR",1
"29","http://www.jstor.org/stable/41480828","Competing on Good Politicians","The American Political Science Review",2011,NA,"article","research-article","jstor",NA,2011-02-01,1,105,"http://www.jstor.org/stable/41480828","VINCENZO GALASSO; TOMMASO NANNICINI","American Political Science Association","eng","79","99",NA,19343,21,"unigram; bigram; trigram","APSR",1
"30","http://www.jstor.org/stable/43654425","International Interventions to Build Social Capital: Evidence from a Field Experiment in Sudan","The American Political Science Review",2015,NA,"article","research-article","jstor",NA,2015-08-01,3,109,"http://www.jstor.org/stable/43654425","ALEXANDRA AVDEENKO; MICHAEL J. GILLIGAN","American Political Science Association","eng","427","449",NA,19560,23,"unigram; bigram; trigram","APSR",1
"31","http://www.jstor.org/stable/41480854","Elite Influence on Public Opinion in an Informed Electorate","The American Political Science Review",2011,NA,"article","research-article","jstor",NA,2011-08-01,3,105,"http://www.jstor.org/stable/41480854","JOHN G. BULLOCK","American Political Science Association","eng","496","515",NA,18015,20,"unigram; bigram; trigram","APSR",1
"32","http://www.jstor.org/stable/43654034","Social Networks and the Mass Media","The American Political Science Review",2013,NA,"article","research-article","jstor",NA,2013-11-01,4,107,"http://www.jstor.org/stable/43654034","DAVID A. SIEGEL","American Political Science Association","eng","786","805",NA,15683,20,"unigram; bigram; trigram","APSR",1
"33","http://www.jstor.org/stable/27644447","Challenger Entry and Voter Learning","The American Political Science Review",2007,NA,"article","research-article","jstor",NA,2007-05-01,2,101,"http://www.jstor.org/stable/27644447","Sanford C. Gordon; Gregory A. Huber; Dimitri Landa","American Political Science Association","eng","303","320",NA,16389,18,"unigram; bigram; trigram","APSR",1
"34","http://www.jstor.org/stable/27644392","The Growth and Development of Experimental Research in Political Science","The American Political Science Review",2006,NA,"article","research-article","jstor",NA,2006-11-01,4,100,"http://www.jstor.org/stable/27644392","James N. Druckman; Donald P. Green; James H. Kuklinski; Arthur Lupia","American Political Science Association","eng","627","635",NA,7047,9,"unigram; bigram; trigram","APSR",1
"35","http://www.jstor.org/stable/43655031","Partisanship and the Allocation of Federal Spending: Do Same-Party Legislators or Voters Benefit from Shared Party Affiliation with the President and House Majority?","The American Political Science Review",2015,NA,"article","research-article","jstor",NA,2015-02-01,1,109,"http://www.jstor.org/stable/43655031","ADAM M. DYNES; GREGORY A. HUBER","American Political Science Association","eng","172","186",NA,13824,15,"unigram; bigram; trigram","APSR",1
"36","http://www.jstor.org/stable/41480831","How Large and Long-lasting Are the Persuasive Effects of Televised Campaign Ads? Results from a Randomized Field Experiment","The American Political Science Review",2011,NA,"article","research-article","jstor",NA,2011-02-01,1,105,"http://www.jstor.org/stable/41480831","ALAN S. GERBER; JAMES G. GIMPEL; DONALD P. GREEN; DARON R. SHAW","American Political Science Association","eng","135","150",NA,13722,16,"unigram; bigram; trigram","APSR",1
"37","http://www.jstor.org/stable/23357714","Does Combat Experience Foster Organizational Skill? Evidence from Ethnic Cleansing during the Partition of South Asia","The American Political Science Review",2012,NA,"article","research-article","jstor",NA,2012-11-01,4,106,"http://www.jstor.org/stable/23357714","SAUMITRA JHA; STEVEN WILKINSON","American Political Science Association","eng","883","907",NA,20549,25,"unigram; bigram; trigram","APSR",1
"38","http://www.jstor.org/stable/43654390","Quotas for Men: Reframing Gender Quotas as a Means of Improving Representation for All","The American Political Science Review",2014,NA,"article","research-article","jstor",NA,2014-08-01,3,108,"http://www.jstor.org/stable/43654390","RAINBOW MURRAY","American Political Science Association","eng","520","532",NA,12813,13,"unigram; bigram; trigram","APSR",1
"39","http://www.jstor.org/stable/4145323","The Political Salience of Cultural Difference: Why Chewas and Tumbukas Are Allies in Zambia and Adversaries in Malawi","The American Political Science Review",2004,NA,"article","research-article","jstor",NA,2004-11-01,4,98,"http://www.jstor.org/stable/4145323","Daniel N. Posner","American Political Science Association","eng","529","545",NA,14122,17,"unigram; bigram; trigram","APSR",1
"40","http://www.jstor.org/stable/23275435","Collective Action, Clientelism, and Connectivity","The American Political Science Review",2012,NA,"article","research-article","jstor",NA,2012-08-01,3,106,"http://www.jstor.org/stable/23275435","MAHVISH SHAMI","American Political Science Association","eng","588","606",NA,17273,19,"unigram; bigram; trigram","APSR",1
"41","http://www.jstor.org/stable/4145308","Secessionism in Multicultural States: Does Sharing Power Prevent or Encourage It?","The American Political Science Review",2004,NA,"article","research-article","jstor",NA,2004-05-01,2,98,"http://www.jstor.org/stable/4145308","Ian S. Lustick; Dan Miodownik; Roy J. Eidelson","American Political Science Association","eng","209","229",NA,17808,21,"unigram; bigram; trigram","APSR",1
"42","http://www.jstor.org/stable/30038938","Correction to Gerber and Green (2000), Replication of Disputed Findings, and Reply to Imai (2005)","The American Political Science Review",2005,NA,"article","research-article","jstor",NA,2005-05-01,2,99,"http://www.jstor.org/stable/30038938","Alan S. Gerber; Donald P. Green","American Political Science Association","eng","301","313",NA,11696,13,"unigram; bigram; trigram","APSR",1
"43","http://www.jstor.org/stable/23357762","Who Gets a Swiss Passport? A Natural Experiment in Immigrant Discrimination","The American Political Science Review",2013,NA,"article","research-article","jstor",NA,2013-02-01,1,107,"http://www.jstor.org/stable/23357762","JENS HAINMUELLER; DOMINIK HANGARTNER","American Political Science Association","eng","159","187",NA,22364,29,"unigram; bigram; trigram","APSR",1
"44","http://www.jstor.org/stable/23275352","Unpacking the Black Box of Causality: Learning about Causal Mechanisms from Experimental and Observational Studies","The American Political Science Review",2011,NA,"article","research-article","jstor",NA,2011-11-01,4,105,"http://www.jstor.org/stable/23275352","KOSUKE IMAI; LUKE KEELE; DUSTIN TINGLEY; TEPPEI YAMAMOTO","American Political Science Association","eng","765","789",NA,22801,25,"unigram; bigram; trigram","APSR",1
"45","http://www.jstor.org/stable/43654398","""I wld like u WMP to extend electricity 2 our village"": On Information Technology and Interest Articulation","The American Political Science Review",2014,NA,"article","research-article","jstor",NA,2014-08-01,3,108,"http://www.jstor.org/stable/43654398","GUY GROSSMAN; MACARTAN HUMPHREYS; GABRIELLA SACRAMONE-LUTZ","American Political Science Association","eng","688","705",NA,14315,18,"unigram; bigram; trigram","APSR",1
"46","http://www.jstor.org/stable/2585837","The Effects of Canvassing, Telephone Calls, and Direct Mail on Voter Turnout: A Field Experiment","The American Political Science Review",2000,NA,"article","research-article","jstor",NA,2000-09-01,3,94,"http://www.jstor.org/stable/2585837","Alan S. Gerber; Donald P. Green","American Political Science Association","eng","653","663",NA,9666,11,"unigram; bigram; trigram","APSR",1
"47","http://www.jstor.org/stable/4145316","What Is a Case Study and What Is It Good for?","The American Political Science Review",2004,NA,"article","research-article","jstor",NA,2004-05-01,2,98,"http://www.jstor.org/stable/4145316","John Gerring","American Political Science Association","eng","341","354",NA,13889,14,"unigram; bigram; trigram","APSR",1
"48","http://www.jstor.org/stable/43654914","Cross-Border Spillover: U.S. Gun Laws and Violence in Mexico","The American Political Science Review",2013,NA,"article","research-article","jstor",NA,2013-08-01,3,107,"http://www.jstor.org/stable/43654914","ARINDRAJIT DUBE; OEINDRILA DUBE; OMAR GARCÍA-PONCE","American Political Science Association","eng","397","417",NA,16189,21,"unigram; bigram; trigram","APSR",1
"49","http://www.jstor.org/stable/27798512","Myopic Voters and Natural Disaster Policy","The American Political Science Review",2009,NA,"article","research-article","jstor",NA,2009-08-01,3,103,"http://www.jstor.org/stable/27798512","ANDREW HEALY; NEIL MALHOTRA","American Political Science Association","eng","387","406",NA,15495,20,"unigram; bigram; trigram","APSR",1
"50","http://www.jstor.org/stable/43655022","What Happens When Extremists Win Primaries?","The American Political Science Review",2015,NA,"article","research-article","jstor",NA,2015-02-01,1,109,"http://www.jstor.org/stable/43655022","ANDREW B. HALL","American Political Science Association","eng","18","42",NA,17724,25,"unigram; bigram; trigram","APSR",1
"51","http://www.jstor.org/stable/27798523","MPs for Sale? Returns to Office in Postwar British Politics","The American Political Science Review",2009,NA,"article","research-article","jstor",NA,2009-11-01,4,103,"http://www.jstor.org/stable/27798523","ANDREW C. EGGERS; JENS HAINMUELLER","American Political Science Association","eng","513","533",NA,17250,21,"unigram; bigram; trigram","APSR",1
"52","http://www.jstor.org/stable/41480858","Patronage and Elections in U.S. States","The American Political Science Review",2011,NA,"article","research-article","jstor",NA,2011-08-01,3,105,"http://www.jstor.org/stable/41480858","OLLE FOLKE; SHIGEO HIRANO; JAMES M. SNYDER JR.","American Political Science Association","eng","567","585",NA,15509,19,"unigram; bigram; trigram","APSR",1
"53","http://www.jstor.org/stable/24809511","""A Trust That Cannot Be Delegated"": The Invention of Ratification Referenda","The American Political Science Review",2015,NA,"article","research-article","jstor",NA,2015-11-01,4,109,"http://www.jstor.org/stable/24809511","JEFFREY A. LENOWITZ","American Political Science Association","eng","803","816",NA,13465,14,"unigram; bigram; trigram","APSR",1
"54","http://www.jstor.org/stable/27644387","Building the Chicago School","The American Political Science Review",2006,NA,"article","research-article","jstor",NA,2006-11-01,4,100,"http://www.jstor.org/stable/27644387","Michael T. Heaney; John Mark Hansen","American Political Science Association","eng","589","596",NA,6864,8,"unigram; bigram; trigram","APSR",1
"55","http://www.jstor.org/stable/43654394","Terrorism and Voting: The Effect of Rocket Threat on Voting in Israeli Elections","The American Political Science Review",2014,NA,"article","research-article","jstor",NA,2014-08-01,3,108,"http://www.jstor.org/stable/43654394","ANNA GETMANSKY; THOMAS ZEITZOFF","American Political Science Association","eng","588","604",NA,13560,17,"unigram; bigram; trigram","APSR",1
"56","http://www.jstor.org/stable/43655028","What Do I Need to Vote? Bureaucratic Discretion and Discrimination by Local Election Officials","The American Political Science Review",2015,NA,"article","research-article","jstor",NA,2015-02-01,1,109,"http://www.jstor.org/stable/43655028","ARIEL R. WHITE; NOAH L. NATHAN; JULIE K. FALLER","American Political Science Association","eng","129","142",NA,12805,14,"unigram; bigram; trigram","APSR",1
"57","http://www.jstor.org/stable/41495063","Caught in the Draft: The Effects of Vietnam Draft Lottery Status on Political Attitudes","The American Political Science Review",2011,NA,"article","research-article","jstor",NA,2011-05-01,2,105,"http://www.jstor.org/stable/41495063","ROBERT S. ERIKSON; LAURA STOKER","American Political Science Association","eng","221","237",NA,15474,17,"unigram; bigram; trigram","APSR",1
"58","http://www.jstor.org/stable/43654048","Pre-Birth Factors, Post-Birth Factors, and Voting: Evidence from Swedish Adoption Data","The American Political Science Review",2014,NA,"article","research-article","jstor",NA,2014-02-01,1,108,"http://www.jstor.org/stable/43654048","DAVID CESARINI; MAGNUS JOHANNESSON; SVEN OSKARSSON","American Political Science Association","eng","71","87",NA,14405,17,"unigram; bigram; trigram","APSR",1
"59","http://www.jstor.org/stable/23275367","The Perils of Unearned Foreign Income: Aid, Remittances, and Government Survival","The American Political Science Review",2012,NA,"article","research-article","jstor",NA,2012-02-01,1,106,"http://www.jstor.org/stable/23275367","FAISAL Z. AHMED","American Political Science Association","eng","146","165",NA,14624,20,"unigram; bigram; trigram","APSR",1
"60","http://www.jstor.org/stable/27798544","Broad Bills or Particularistic Policy? Historical Patterns in American State Legislatures","The American Political Science Review",2010,NA,"article","research-article","jstor",NA,2010-02-01,1,104,"http://www.jstor.org/stable/27798544","GERALD GAMM; THAD KOUSSER","American Political Science Association","eng","151","170",NA,17672,20,"unigram; bigram; trigram","APSR",1
"61","http://www.jstor.org/stable/27644331","Campaign Finance and Voter Welfare with Entrenched Incumbents","The American Political Science Review",2006,NA,"article","research-article","jstor",NA,2006-02-01,1,100,"http://www.jstor.org/stable/27644331","Scott Ashworth","American Political Science Association","eng","55","68",NA,12531,14,"unigram; bigram; trigram","APSR",1
"62","http://www.jstor.org/stable/41480859","Making Outsiders' Votes Count: Detecting Electoral Fraud through a Natural Experiment","The American Political Science Review",2011,NA,"article","research-article","jstor",NA,2011-08-01,3,105,"http://www.jstor.org/stable/41480859","KENTARO FUKUMOTO; YUSAKU HORIUCHI","American Political Science Association","eng","586","603",NA,13484,18,"unigram; bigram; trigram","APSR",1
"63","http://www.jstor.org/stable/43654924","Perils or Promise of Ethnic Integration? Evidence from a Hard Case in Burundi","The American Political Science Review",2013,NA,"article","research-article","jstor",NA,2013-08-01,3,107,"http://www.jstor.org/stable/43654924","CYRUS SAMII","American Political Science Association","eng","558","573",NA,13686,16,"unigram; bigram; trigram","APSR",1
"64","http://www.jstor.org/stable/43654052","The Impact of Recentralization on Public Services: A Difference-in-Differences Analysis of the Abolition of Elected Councils in Vietnam","The American Political Science Review",2014,NA,"article","research-article","jstor",NA,2014-02-01,1,108,"http://www.jstor.org/stable/43654052","EDMUND J. MALESKY; CUONG VIET NGUYEN; ANH TRAN","American Political Science Association","eng","144","168",NA,20863,25,"unigram; bigram; trigram","APSR",1
"65","http://www.jstor.org/stable/40863720","Estimating the Electoral Effects of Voter Turnout","The American Political Science Review",2010,NA,"article","research-article","jstor",NA,2010-05-01,2,104,"http://www.jstor.org/stable/40863720","THOMAS G. HANSFORD; BRAD T. GOMEZ","American Political Science Association","eng","268","288",NA,17597,21,"unigram; bigram; trigram","APSR",1
"66","http://www.jstor.org/stable/30038937","Do Get-Out-the-Vote Calls Reduce Turnout? The Importance of Statistical Methods for Field Experiments","The American Political Science Review",2005,NA,"article","research-article","jstor",NA,2005-05-01,2,99,"http://www.jstor.org/stable/30038937","Kosuke Imai","American Political Science Association","eng","283","300",NA,14212,18,"unigram; bigram; trigram","APSR",1
"67","http://www.jstor.org/stable/43654030","Keeping the Public Purse: An Experiment in Windfalls, Taxes, and the Incentives to Restrain Government","The American Political Science Review",2013,NA,"article","research-article","jstor",NA,2013-11-01,4,107,"http://www.jstor.org/stable/43654030","LAURA PALER","American Political Science Association","eng","706","725",NA,15275,20,"unigram; bigram; trigram","APSR",1
"68","http://www.jstor.org/stable/23275353","Newspapers and Parties: How Advertising Revenues Created an Independent Press","The American Political Science Review",2011,NA,"article","research-article","jstor",NA,2011-11-01,4,105,"http://www.jstor.org/stable/23275353","MARIA PETROVA","American Political Science Association","eng","790","808",NA,16649,19,"unigram; bigram; trigram","APSR",1
"69","http://www.jstor.org/stable/41495078","The Missionary Roots of Liberal Democracy","The American Political Science Review",2012,NA,"article","research-article","jstor",NA,2012-05-01,2,106,"http://www.jstor.org/stable/41495078","ROBERT D. WOODBERRY","American Political Science Association","eng","244","274",NA,27318,31,"unigram; bigram; trigram","APSR",1
"70","http://www.jstor.org/stable/45132501","Non-Governmental Monitoring of Local Governments Increases Compliance with Central Mandates: A National-Scale Field Experiment in China","American Journal of Political Science",2019,NA,"article","research-article","jstor",NA,2019-07-01,3,63,"http://www.jstor.org/stable/45132501","Sarah E. Anderson; Mark T. Buntaine; Mengdi Liu; Bing Zhang","Midwest Political Science Association","eng","626","643",NA,12748,18,"unigram; bigram; trigram","AJPS",1
"71","http://www.jstor.org/stable/25652213","Untangling the Causal Effects of Sex on Judging","American Journal of Political Science",2010,NA,"article","research-article","jstor",NA,2010-04-01,2,54,"http://www.jstor.org/stable/25652213","Christina L. Boyd; Lee Epstein; Andrew D. Martin","Midwest Political Science Association","eng","389","411",NA,14493,23,"unigram; bigram; trigram","AJPS",1
"72","http://www.jstor.org/stable/24877471","Is Voting Habit Forming? New Evidence from Experiments and Regression Discontinuities","American Journal of Political Science",2016,NA,"article","research-article","jstor",NA,2016-10-01,4,60,"http://www.jstor.org/stable/24877471","Alexander Coppock; Donald P. Green","Midwest Political Science Association","eng","1044","1062",NA,12252,19,"unigram; bigram; trigram","AJPS",1
"73","http://www.jstor.org/stable/23496658","When Payouts Pay Off: Conditional Cash Transfers and Voting Behavior in Brazil 2002–10","American Journal of Political Science",2013,NA,"article","research-article","jstor",NA,2013-10-01,4,57,"http://www.jstor.org/stable/23496658","Cesar Zucco Jr.","Midwest Political Science Association","eng","810","822",NA,10010,13,"unigram; bigram; trigram","AJPS",1
"74","http://www.jstor.org/stable/3694246","The Electoral Relevance of Political Talk: Examining Disagreement and Expertise Effects in Social Networks on Political Participation","American Journal of Political Science",2006,NA,"article","research-article","jstor",NA,2006-07-01,3,50,"http://www.jstor.org/stable/3694246","Scott D. McClurg","Midwest Political Science Association","eng","737","754",NA,12114,18,"unigram; bigram; trigram","AJPS",1
"75","http://www.jstor.org/stable/24363487","Distorted Communication, Unequal Representation: Constituents Communicate Less to Representatives Not of Their Race","American Journal of Political Science",2014,NA,"article","research-article","jstor",NA,2014-04-01,2,58,"http://www.jstor.org/stable/24363487","David E. Broockman","Midwest Political Science Association","eng","307","321",NA,12019,15,"unigram; bigram; trigram","AJPS",1
"76","http://www.jstor.org/stable/24363540","A Checkpoint Effect? Evidence from a Natural Experiment on Travel Restrictions in the West Bank","American Journal of Political Science",2014,NA,"article","research-article","jstor",NA,2014-10-01,4,58,"http://www.jstor.org/stable/24363540","Matthew Longo; Daphna Canetti; Nancy Hite-Rubin","Midwest Political Science Association","eng","1006","1023",NA,13122,18,"unigram; bigram; trigram","AJPS",1
"77","http://www.jstor.org/stable/25193865","Does Voting History Matter? Analysing Persistence in Turnout","American Journal of Political Science",2009,NA,"article","research-article","jstor",NA,2009-01-01,1,53,"http://www.jstor.org/stable/25193865","Kevin Denny; Orla Doyle","Midwest Political Science Association","eng","17","35",NA,13323,19,"unigram; bigram; trigram","AJPS",1
"78","http://www.jstor.org/stable/24363485","Social Esteem and Participation in Contentious Politics: A Field Experiment at an LGBT Pride Rally","American Journal of Political Science",2014,NA,"article","research-article","jstor",NA,2014-04-01,2,58,"http://www.jstor.org/stable/24363485","Gwyneth H. McClendon","Midwest Political Science Association","eng","279","290",NA,10096,12,"unigram; bigram; trigram","AJPS",1
"79","http://www.jstor.org/stable/45132490","When Should We Use Unit Fixed Effects Regression Models for Causal Inference with Longitudinal Data?","American Journal of Political Science",2019,NA,"article","research-article","jstor",NA,2019-04-01,2,63,"http://www.jstor.org/stable/45132490","Kosuke Imai; In Song Kim","Midwest Political Science Association","eng","467","490",NA,15004,24,"unigram; bigram; trigram","AJPS",1
"80","http://www.jstor.org/stable/23075155","The Product and Difference Fallacies for Indirect Effects","American Journal of Political Science",2012,NA,"article","research-article","jstor",NA,2012-01-01,1,56,"http://www.jstor.org/stable/23075155","Adam N. Glynn","Midwest Political Science Association","eng","257","269",NA,10072,13,"unigram; bigram; trigram","AJPS",1
"81","http://www.jstor.org/stable/26379499","Small Aggregates, Big Manipulation: Vote Buying Enforcement and Collective Monitoring","American Journal of Political Science",2017,NA,"article","research-article","jstor",NA,2017-01-01,1,61,"http://www.jstor.org/stable/26379499","Miguel R. Rueda","Midwest Political Science Association","eng","163","177",NA,10544,15,"unigram; bigram; trigram","AJPS",1
"82","http://www.jstor.org/stable/45132468","Building Cooperation among Groups in Conflict: An Experiment on Intersectarian Cooperation in Lebanon","American Journal of Political Science",2019,NA,"article","research-article","jstor",NA,2019-01-01,1,63,"http://www.jstor.org/stable/45132468","Han Il Chang; Leonid Peisakhin","Midwest Political Science Association","eng","146","162",NA,10941,17,"unigram; bigram; trigram","AJPS",1
"83","http://www.jstor.org/stable/26384739","Foreign Aid and Undeserved Credit Claiming","American Journal of Political Science",2017,NA,"article","research-article","jstor",NA,2017-04-01,2,61,"http://www.jstor.org/stable/26384739","Cesi Cruz; Christina J. Schneider","Midwest Political Science Association","eng","396","408",NA,9308,13,"unigram; bigram; trigram","AJPS",1
"84","http://www.jstor.org/stable/25548125","Exploiting a Rare Communication Shift to Document the Persuasive Power of the News Media","American Journal of Political Science",2009,NA,"article","research-article","jstor",NA,2009-04-01,2,53,"http://www.jstor.org/stable/25548125","Jonathan McDonald Ladd; Gabriel S. Lenz","Midwest Political Science Association","eng","394","410",NA,11265,17,"unigram; bigram; trigram","AJPS",1
"85","http://www.jstor.org/stable/23025054","When Mayors Matter: Estimating the Impact of Mayoral Partisanship on City Policy","American Journal of Political Science",2011,NA,"article","research-article","jstor",NA,2011-04-01,2,55,"http://www.jstor.org/stable/23025054","Elisabeth R. Gerber; Daniel J. Hopkins","Midwest Political Science Association","eng","326","339",NA,10324,14,"unigram; bigram; trigram","AJPS",1
"86","http://www.jstor.org/stable/45132504","The Distortion of Related Beliefs","American Journal of Political Science",2019,NA,"article","research-article","jstor",NA,2019-07-01,3,63,"http://www.jstor.org/stable/45132504","Andrew T. Little","Midwest Political Science Association","eng","675","689",NA,11553,15,"unigram; bigram; trigram","AJPS",1
"87","http://www.jstor.org/stable/26598760","Regression Discontinuity Designs Based on Population Thresholds: Pitfalls and Solutions","American Journal of Political Science",2018,NA,"article","research-article","jstor",NA,2018-01-01,1,62,"http://www.jstor.org/stable/26598760","Andrew C. Eggers; Ronny Freier; Veronica Grembi; Tommaso Nannicini","Midwest Political Science Association","eng","210","229",NA,14888,20,"unigram; bigram; trigram","AJPS",1
"88","http://www.jstor.org/stable/4620065","Quality Is Job One: Professional and Volunteer Voter Mobilization Calls","American Journal of Political Science",2007,NA,"article","research-article","jstor",NA,2007-04-01,2,51,"http://www.jstor.org/stable/4620065","David W. Nickerson","Midwest Political Science Association","eng","269","282",NA,10305,14,"unigram; bigram; trigram","AJPS",1
"89","http://www.jstor.org/stable/24583062","Does Regression Produce Representative Estimates of Causal Effects?","American Journal of Political Science",2016,NA,"article","research-article","jstor",NA,2016-01-01,1,60,"http://www.jstor.org/stable/24583062","Peter M. Aronow; Cyrus Samii","Midwest Political Science Association","eng","250","267",NA,13521,18,"unigram; bigram; trigram","AJPS",1
"90","http://www.jstor.org/stable/26384744","The Balance-Sample Size Frontier in Matching Methods for Causal Inference","American Journal of Political Science",2017,NA,"article","research-article","jstor",NA,2017-04-01,2,61,"http://www.jstor.org/stable/26384744","Gary King; Christopher Lucas; Richard A. Nielsen","Midwest Political Science Association","eng","473","489",NA,12701,17,"unigram; bigram; trigram","AJPS",1
"91","http://www.jstor.org/stable/25193860","What Triggers Public Opposition to Immigration? Anxiety, Group Cues, and Immigration Threat","American Journal of Political Science",2008,NA,"article","research-article","jstor",NA,2008-10-01,4,52,"http://www.jstor.org/stable/25193860","Ted Brader; Nicholas A. Valentino; Elizabeth Suhay","Midwest Political Science Association","eng","959","978",NA,13804,20,"unigram; bigram; trigram","AJPS",1
"92","http://www.jstor.org/stable/3694236","A Unified Theory and Test of Extended Immediate Deterrence","American Journal of Political Science",2006,NA,"article","research-article","jstor",NA,2006-07-01,3,50,"http://www.jstor.org/stable/3694236","Curtis S. Signorino; Ahmer Tarar","Midwest Political Science Association","eng","586","605",NA,14741,20,"unigram; bigram; trigram","AJPS",1
"93","http://www.jstor.org/stable/23496636","Black Politicians Are More Intrinsically Motivated to Advance Blacks' Interests: A Field Experiment Manipulating Political Incentives","American Journal of Political Science",2013,NA,"article","research-article","jstor",NA,2013-07-01,3,57,"http://www.jstor.org/stable/23496636","David E. Broockman","Midwest Political Science Association","eng","521","536",NA,10936,16,"unigram; bigram; trigram","AJPS",1
"94","http://www.jstor.org/stable/26598792","The Persistent Effect of U.S. Civil Rights Protests on Political Attitudes","American Journal of Political Science",2018,NA,"article","research-article","jstor",NA,2018-10-01,4,62,"http://www.jstor.org/stable/26598792","Soumyajit Mazumder","Midwest Political Science Association","eng","922","935",NA,9602,14,"unigram; bigram; trigram","AJPS",1
"95","http://www.jstor.org/stable/26384736","Ethnic Networks","American Journal of Political Science",2017,NA,"article","research-article","jstor",NA,2017-04-01,2,61,"http://www.jstor.org/stable/26384736","Jennifer M. Larson; Janet I. Lewis","Midwest Political Science Association","eng","350","364",NA,10464,15,"unigram; bigram; trigram","AJPS",1
"96","http://www.jstor.org/stable/24363608","On the Validity of the Regression Discontinuity Design for Estimating Electoral Effects: New Evidence from Over 40,000 Close Races","American Journal of Political Science",2015,NA,"article","research-article","jstor",NA,2015-01-01,1,59,"http://www.jstor.org/stable/24363608","Andrew C. Eggers; Anthony Fowler; Jens Hainmueller; Andrew B. Hall; James M. Snyder, Jr.","Midwest Political Science Association","eng","259","274",NA,12906,16,"unigram; bigram; trigram","AJPS",1
"97","http://www.jstor.org/stable/3186104","Transparency, Democratic Accountability, and the Economic Consequences of Monetary Institutions","American Journal of Political Science",2003,NA,"article","research-article","jstor",NA,2003-07-01,3,47,"http://www.jstor.org/stable/3186104","David Stasavage","Midwest Political Science Association","eng","389","402",NA,9603,14,"unigram; bigram; trigram","AJPS",1
"98","http://www.jstor.org/stable/20647951","Don't Forget to Vote: Text Message Reminders as a Mobilization Tool","American Journal of Political Science",2009,NA,"article","research-article","jstor",NA,2009-10-01,4,53,"http://www.jstor.org/stable/20647951","Allison Dale; Aaron Strauss","Midwest Political Science Association","eng","787","804",NA,12075,18,"unigram; bigram; trigram","AJPS",1
"99","http://www.jstor.org/stable/24363601","Causes of Noncompliance with International Law: A Field Experiment on Anonymous Incorporation","American Journal of Political Science",2015,NA,"article","research-article","jstor",NA,2015-01-01,1,59,"http://www.jstor.org/stable/24363601","Michael G. Findley; Daniel L. Nielson; J.C. Sharman","Midwest Political Science Association","eng","146","161",NA,11891,16,"unigram; bigram; trigram","AJPS",1
"100","http://www.jstor.org/stable/23496637","Do Perceptions of Ballot Secrecy Influence Turnout? Results from a Field Experiment","American Journal of Political Science",2013,NA,"article","research-article","jstor",NA,2013-07-01,3,57,"http://www.jstor.org/stable/23496637","Alan S. Gerber; Gregory A. Huber; David Doherty; Conor M. Dowling; Seth J. Hill","Midwest Political Science Association","eng","537","551",NA,11591,15,"unigram; bigram; trigram","AJPS",1
"101","http://www.jstor.org/stable/24363573","Social Protest and Policy Attitudes: The Case of the 2006 Immigrant Rallies","American Journal of Political Science",2015,NA,"article","research-article","jstor",NA,2015-04-01,2,59,"http://www.jstor.org/stable/24363573","Regina Branton; Valerie Martinez-Ebers; Tony E. Carey, Jr.; Tetsuya Matsubayashi","Midwest Political Science Association","eng","390","402",NA,9491,13,"unigram; bigram; trigram","AJPS",1
"102","http://www.jstor.org/stable/23075153","A Statistical Method for Empirical Testing of Competing Theories","American Journal of Political Science",2012,NA,"article","research-article","jstor",NA,2012-01-01,1,56,"http://www.jstor.org/stable/23075153","Kosuke Imai; Dustin Tingley","Midwest Political Science Association","eng","218","236",NA,13814,19,"unigram; bigram; trigram","AJPS",1
"103","http://www.jstor.org/stable/26384731","Ideologically Sophisticated Donors: Which Candidates Do Individual Contributors Finance?","American Journal of Political Science",2017,NA,"article","research-article","jstor",NA,2017-04-01,2,61,"http://www.jstor.org/stable/26384731","Michael J. Barber; Brandice Canes-Wrone; Sharece Thrower","Midwest Political Science Association","eng","271","288",NA,11497,18,"unigram; bigram; trigram","AJPS",1
"104","http://www.jstor.org/stable/24877623","IMF Conditionality, Government Partisanship, and the Progress of Economic Reforms","American Journal of Political Science",2016,NA,"article","research-article","jstor",NA,2016-04-01,2,60,"http://www.jstor.org/stable/24877623","Quintin H. Beazer; Byungwon Woo","Midwest Political Science Association","eng","304","321",NA,11536,18,"unigram; bigram; trigram","AJPS",1
"105","http://www.jstor.org/stable/23024947","Experimental Estimation of Heterogeneous Treatment Effects Related to Self-Selection","American Journal of Political Science",2011,NA,"article","research-article","jstor",NA,2011-07-01,3,55,"http://www.jstor.org/stable/23024947","Brian J. Gaines; James H. Kuklinski","Midwest Political Science Association","eng","724","736",NA,8885,13,"unigram; bigram; trigram","AJPS",1
"106","http://www.jstor.org/stable/23025122","Translating into Votes: The Electoral Impacts of Spanish-Language Ballots","American Journal of Political Science",2011,NA,"article","research-article","jstor",NA,2011-10-01,4,55,"http://www.jstor.org/stable/23025122","Daniel J. Hopkins","Midwest Political Science Association","eng","814","830",NA,12536,17,"unigram; bigram; trigram","AJPS",1
"107","http://www.jstor.org/stable/24363466","Are Voters More Likely to Contribute to Other Public Goods? Evidence from a Large-Scale Randomized Policy Experiment","American Journal of Political Science",2014,NA,"article","research-article","jstor",NA,2014-01-01,1,58,"http://www.jstor.org/stable/24363466","Toby Bolsen; Paul J. Ferraro; Juan Jose Miranda","Midwest Political Science Association","eng","17","30",NA,10154,14,"unigram; bigram; trigram","AJPS",1
"108","http://www.jstor.org/stable/25193864","Who Is Mobilized to Vote? A Re-Analysis of 11 Field Experiments","American Journal of Political Science",2009,NA,"article","research-article","jstor",NA,2009-01-01,1,53,"http://www.jstor.org/stable/25193864","Kevin Arceneaux; David W. Nickerson","Midwest Political Science Association","eng","1","16",NA,10073,16,"unigram; bigram; trigram","AJPS",1
"109","http://www.jstor.org/stable/23187101","It's About Time: The Lifespan of Information Effects in a Multiweek Campaign","American Journal of Political Science",2012,NA,"article","research-article","jstor",NA,2012-04-01,2,56,"http://www.jstor.org/stable/23187101","Dona-Gene Mitchell","Midwest Political Science Association","eng","298","311",NA,10691,14,"unigram; bigram; trigram","AJPS",1
"110","http://www.jstor.org/stable/45132496","Are Biased Media Bad for Democracy?","American Journal of Political Science",2019,NA,"article","research-article","jstor",NA,2019-07-01,3,63,"http://www.jstor.org/stable/45132496","Stephane Wolton","Midwest Political Science Association","eng","548","562",NA,11488,15,"unigram; bigram; trigram","AJPS",1
"111","http://www.jstor.org/stable/24363514","Do Better Monitoring Institutions Increase Leadership Quality in Community Organizations? Evidence from Uganda","American Journal of Political Science",2014,NA,"article","research-article","jstor",NA,2014-07-01,3,58,"http://www.jstor.org/stable/24363514","Guy Grossman; W. Walker Hanlon","Midwest Political Science Association","eng","669","686",NA,13682,18,"unigram; bigram; trigram","AJPS",1
"112","http://www.jstor.org/stable/23317162","Disagreement and the Avoidance of Political Discussion: Aggregate Relationships and Differences across Personality Traits","American Journal of Political Science",2012,NA,"article","research-article","jstor",NA,2012-10-01,4,56,"http://www.jstor.org/stable/23317162","Alan S. Gerber; Gregory A. Huber; David Doherty; Conor M. Dowling","Midwest Political Science Association","eng","849","874",NA,18627,26,"unigram; bigram; trigram","AJPS",1
"113","http://www.jstor.org/stable/45132465","The Distinctive Value of Elections and the Case for Compulsory Voting","American Journal of Political Science",2019,NA,"article","research-article","jstor",NA,2019-01-01,1,63,"http://www.jstor.org/stable/45132465","Emilee Booth Chapman","Midwest Political Science Association","eng","101","112",NA,9707,12,"unigram; bigram; trigram","AJPS",1
"114","http://www.jstor.org/stable/23025060","Civic Education, Political Discussion, and the Social Transmission of Democratic Knowledge and Values in a New Democracy: Kenya 2002","American Journal of Political Science",2011,NA,"article","research-article","jstor",NA,2011-04-01,2,55,"http://www.jstor.org/stable/23025060","Steven E. Finkel; Amy Erica Smith","Midwest Political Science Association","eng","417","435",NA,14881,19,"unigram; bigram; trigram","AJPS",1
"115","http://www.jstor.org/stable/20647963","The Participatory Effects of Redistricting","American Journal of Political Science",2009,NA,"article","research-article","jstor",NA,2009-10-01,4,53,"http://www.jstor.org/stable/20647963","Danny Hayes; Seth C. McKee","Midwest Political Science Association","eng","1006","1023",NA,13728,18,"unigram; bigram; trigram","AJPS",1
"116","http://www.jstor.org/stable/24877628","Sources of Authoritarian Responsiveness: A Field Experiment in China","American Journal of Political Science",2016,NA,"article","research-article","jstor",NA,2016-04-01,2,60,"http://www.jstor.org/stable/24877628","Jidong Chen; Jennifer Pan; Yiqing Xu","Midwest Political Science Association","eng","383","400",NA,12734,18,"unigram; bigram; trigram","AJPS",1
"117","http://www.jstor.org/stable/45132495","Does Direct Democracy Hurt Immigrant Minorities? Evidence from Naturalization Decisions in Switzerland","American Journal of Political Science",2019,NA,"article","research-article","jstor",NA,2019-07-01,3,63,"http://www.jstor.org/stable/45132495","Jens Hainmueller; Dominik Hangartner","Midwest Political Science Association","eng","530","547",NA,11832,18,"unigram; bigram; trigram","AJPS",1
"118","http://www.jstor.org/stable/45132480","Urbanization Patterns, Information Diffusion, and Female Voting in Rural Paraguay","American Journal of Political Science",2019,NA,"article","research-article","jstor",NA,2019-04-01,2,63,"http://www.jstor.org/stable/45132480","Alberto Chong; Gianmarco León-Ciliotta; Vivian Roza; Martín Valdivia; Gabriela Vega","Midwest Political Science Association","eng","323","341",NA,13432,19,"unigram; bigram; trigram","AJPS",1
"119","http://www.jstor.org/stable/25193831","Assessing the ""Experience Bonus"" through Examining Strategic Entry, Candidate Quality, and Campaign Receipts in U.S. House Elections","American Journal of Political Science",2008,NA,"article","research-article","jstor",NA,2008-07-01,3,52,"http://www.jstor.org/stable/25193831","Cherie D. Maestas; Cynthia R. Rugeley","Midwest Political Science Association","eng","520","535",NA,11443,16,"unigram; bigram; trigram","AJPS",1
"120","http://www.jstor.org/stable/23496652","Deep Interactions with MRP: Election Turnout and Voting Patterns Among Small Electoral Subgroups","American Journal of Political Science",2013,NA,"article","research-article","jstor",NA,2013-07-01,3,57,"http://www.jstor.org/stable/23496652","Yair Ghitza; Andrew Gelman","Midwest Political Science Association","eng","762","776",NA,9090,15,"unigram; bigram; trigram","AJPS",1
"121","http://www.jstor.org/stable/26598797","An Equivalence Approach to Balance and Placebo Tests","American Journal of Political Science",2018,NA,"article","research-article","jstor",NA,2018-10-01,4,62,"http://www.jstor.org/stable/26598797","Erin Hartman; F. Daniel Hidalgo","Midwest Political Science Association","eng","1000","1013",NA,10407,14,"unigram; bigram; trigram","AJPS",1
"122","http://www.jstor.org/stable/24877631","Voter Buying: Shaping the Electorate through Clientelism","American Journal of Political Science",2016,NA,"article","research-article","jstor",NA,2016-04-01,2,60,"http://www.jstor.org/stable/24877631","F. Daniel Hidalgo; Simeon Nichter","Midwest Political Science Association","eng","436","455",NA,12126,20,"unigram; bigram; trigram","AJPS",1
"123","http://www.jstor.org/stable/24363465","Widowhood Effects in Voter Participation","American Journal of Political Science",2014,NA,"article","research-article","jstor",NA,2014-01-01,1,58,"http://www.jstor.org/stable/24363465","William R. Hobbs; Nicholas A. Christakis; James H. Fowler","Midwest Political Science Association","eng","1","16",NA,11902,16,"unigram; bigram; trigram","AJPS",1
"124","http://www.jstor.org/stable/23496601","Working Twice as Hard to Get Half as Far: Race, Work Ethic, and America's Deserving Poor","American Journal of Political Science",2013,NA,"article","research-article","jstor",NA,2013-04-01,2,57,"http://www.jstor.org/stable/23496601","Christopher D. DeSante","Midwest Political Science Association","eng","342","356",NA,10444,15,"unigram; bigram; trigram","AJPS",1
"125","http://www.jstor.org/stable/24877466","Electoral Backlash against Climate Policy: A Natural Experiment on Retrospective Voting and Local Resistance to Public Policy","American Journal of Political Science",2016,NA,"article","research-article","jstor",NA,2016-10-01,4,60,"http://www.jstor.org/stable/24877466","Leah C. Stokes","Midwest Political Science Association","eng","958","974",NA,11552,17,"unigram; bigram; trigram","AJPS",1
"126","http://www.jstor.org/stable/26598754","Making Washington Work: Legislative Entrepreneurship and the Personal Vote from the Gilded Age to the Great Depression","American Journal of Political Science",2018,NA,"article","research-article","jstor",NA,2018-01-01,1,62,"http://www.jstor.org/stable/26598754","Charles J. Finocchiaro; Scott A. MacKenzie","Midwest Political Science Association","eng","113","131",NA,12609,19,"unigram; bigram; trigram","AJPS",1
"127","http://www.jstor.org/stable/45132499","Direct Democracy and Women's Political Engagement","American Journal of Political Science",2019,NA,"article","research-article","jstor",NA,2019-07-01,3,63,"http://www.jstor.org/stable/45132499","Jeong Hyun Kim","Midwest Political Science Association","eng","594","610",NA,10631,17,"unigram; bigram; trigram","AJPS",1
"128","http://www.jstor.org/stable/23025047","Foreign Aid Shocks as a Cause of Violent Armed Conflict","American Journal of Political Science",2011,NA,"article","research-article","jstor",NA,2011-04-01,2,55,"http://www.jstor.org/stable/23025047","Richard A. Nielsen; Michael G. Findley; Zachary S. Davis; Tara Candland; Daniel L. Nielson","Midwest Political Science Association","eng","219","232",NA,10376,14,"unigram; bigram; trigram","AJPS",1
"129","http://www.jstor.org/stable/26598776","Does Compliance Pay? Social Standards and Firm-Level Trade","American Journal of Political Science",2018,NA,"article","research-article","jstor",NA,2018-07-01,3,62,"http://www.jstor.org/stable/26598776","Greg Distelhorst; Richard M. Locke","Midwest Political Science Association","eng","695","711",NA,10389,17,"unigram; bigram; trigram","AJPS",1
"130","http://www.jstor.org/stable/25548144","Does Gerrymandering Cause Polarization?","American Journal of Political Science",2009,NA,"article","research-article","jstor",NA,2009-07-01,3,53,"http://www.jstor.org/stable/25548144","Nolan McCarty; Keith T. Poole; Howard Rosenthal","Midwest Political Science Association","eng","666","680",NA,10333,15,"unigram; bigram; trigram","AJPS",1
"131","http://www.jstor.org/stable/3088424","Modeling Multilevel Data Structures","American Journal of Political Science",2002,NA,"article","research-article","jstor",NA,2002-01-01,1,46,"http://www.jstor.org/stable/3088424","Marco R. Steenbergen; Bradford S. Jones","Midwest Political Science Association","eng","218","237",NA,15214,20,"unigram; bigram; trigram","AJPS",1
"132","http://www.jstor.org/stable/1519895","Civil Liberties vs. Security: Public Opinion in the Context of the Terrorist Attacks on America","American Journal of Political Science",2004,NA,"article","research-article","jstor",NA,2004-01-01,1,48,"http://www.jstor.org/stable/1519895","Darren W. Davis; Brian D. Silver","Midwest Political Science Association","eng","28","46",NA,12291,19,"unigram; bigram; trigram","AJPS",1
"133","http://www.jstor.org/stable/4620070","Ideology and Voter Preferences as Determinants of Financial Globalization","American Journal of Political Science",2007,NA,"article","research-article","jstor",NA,2007-04-01,2,51,"http://www.jstor.org/stable/4620070","Dennis P. Quinn; A. Maria Toyoda","Midwest Political Science Association","eng","344","363",NA,13491,20,"unigram; bigram; trigram","AJPS",1
"134","http://www.jstor.org/stable/26598752","Disloyal Brokers and Weak Parties","American Journal of Political Science",2018,NA,"article","research-article","jstor",NA,2018-01-01,1,62,"http://www.jstor.org/stable/26598752","Lucas M. Novaes","Midwest Political Science Association","eng","84","98",NA,10247,15,"unigram; bigram; trigram","AJPS",1
"135","http://www.jstor.org/stable/26598774","Credible Commitment in Covert Affairs","American Journal of Political Science",2018,NA,"article","research-article","jstor",NA,2018-07-01,3,62,"http://www.jstor.org/stable/26598774","William Spaniel; Michael Poznansky","Midwest Political Science Association","eng","668","681",NA,11107,14,"unigram; bigram; trigram","AJPS",1
"136","http://www.jstor.org/stable/20647977","Partisanship, Political Control, and Economic Assessments","American Journal of Political Science",2010,NA,"article","research-article","jstor",NA,2010-01-01,1,54,"http://www.jstor.org/stable/20647977","Alan S. Gerber; Gregory A. Huber","Midwest Political Science Association","eng","153","173",NA,14134,21,"unigram; bigram; trigram","AJPS",1
"137","http://www.jstor.org/stable/24363496","Does Choice Bring Loyalty? Electoral Participation and the Development of Party Identification","American Journal of Political Science",2014,NA,"article","research-article","jstor",NA,2014-04-01,2,58,"http://www.jstor.org/stable/24363496","Elias Dinas","Midwest Political Science Association","eng","449","465",NA,13977,17,"unigram; bigram; trigram","AJPS",1
"138","http://www.jstor.org/stable/24877627","Making Young Voters: The Impact of Preregistration on Youth Turnout","American Journal of Political Science",2016,NA,"article","research-article","jstor",NA,2016-04-01,2,60,"http://www.jstor.org/stable/24877627","John B. Holbein; D. Sunshine Hillygus","Midwest Political Science Association","eng","364","382",NA,13211,19,"unigram; bigram; trigram","AJPS",1
"139","http://www.jstor.org/stable/23317166","Gubernatorial Midterm Slumps","American Journal of Political Science",2012,NA,"article","research-article","jstor",NA,2012-10-01,4,56,"http://www.jstor.org/stable/23317166","Olle Folke; James M. Snyder","Midwest Political Science Association","eng","931","948",NA,12918,18,"unigram; bigram; trigram","AJPS",1
"140","http://www.jstor.org/stable/3694281","The ""Race Card"" Revisited: Assessing Racial Priming in Policy Contests","American Journal of Political Science",2006,NA,"article","research-article","jstor",NA,2006-04-01,2,50,"http://www.jstor.org/stable/3694281","Gregory A. Huber; John S. Lapinski","Midwest Political Science Association","eng","421","440",NA,12108,20,"unigram; bigram; trigram","AJPS",1
"141","http://www.jstor.org/stable/24363535","Identifying Irregularities in Mexican Local Elections","American Journal of Political Science",2014,NA,"article","research-article","jstor",NA,2014-10-01,4,58,"http://www.jstor.org/stable/24363535","Francisco Cantú","Midwest Political Science Association","eng","936","951",NA,10083,16,"unigram; bigram; trigram","AJPS",1
"142","http://www.jstor.org/stable/26598758","When Are Agenda Setters Valuable?","American Journal of Political Science",2018,NA,"article","research-article","jstor",NA,2018-01-01,1,62,"http://www.jstor.org/stable/26598758","Alexander Fouirnaies","Midwest Political Science Association","eng","176","191",NA,10222,16,"unigram; bigram; trigram","AJPS",1
"143","http://www.jstor.org/stable/24583054","What the Demolition of Public Housing Teaches Us about the Impact of Racial Threat on Political Behavior","American Journal of Political Science",2016,NA,"article","research-article","jstor",NA,2016-01-01,1,60,"http://www.jstor.org/stable/24583054","Ryan D. Enos","Midwest Political Science Association","eng","123","142",NA,14447,20,"unigram; bigram; trigram","AJPS",1
"144","http://www.jstor.org/stable/45132466","All Male Panels? Representation and Democratic Legitimacy","American Journal of Political Science",2019,NA,"article","research-article","jstor",NA,2019-01-01,1,63,"http://www.jstor.org/stable/45132466","Amanda Clayton; Diana Z. O'Brien; Jennifer M. Piscopo","Midwest Political Science Association","eng","113","129",NA,11457,17,"unigram; bigram; trigram","AJPS",1
"145","http://www.jstor.org/stable/45132478","Skill Specificity and Attitudes toward Immigration","American Journal of Political Science",2019,NA,"article","research-article","jstor",NA,2019-04-01,2,63,"http://www.jstor.org/stable/45132478","Sergi Pardos-Prado; Carla Xena","Midwest Political Science Association","eng","286","304",NA,12341,19,"unigram; bigram; trigram","AJPS",1
"146","http://www.jstor.org/stable/24877495","An Empirical Validation Study of Popular Survey Methodologies for Sensitive Questions","American Journal of Political Science",2016,NA,"article","research-article","jstor",NA,2016-07-01,3,60,"http://www.jstor.org/stable/24877495","Bryn Rosenfeld; Kosuke Imai; Jacob N. Shapiro","Midwest Political Science Association","eng","783","802",NA,13788,20,"unigram; bigram; trigram","AJPS",1
"147","http://www.jstor.org/stable/4620090","The Dictator Game, Fairness and Ethnicity in Postwar Bosnia","American Journal of Political Science",2007,NA,"article","research-article","jstor",NA,2007-07-01,3,51,"http://www.jstor.org/stable/4620090","Sam Whitt; Rick K. Wilson","Midwest Political Science Association","eng","655","668",NA,9949,14,"unigram; bigram; trigram","AJPS",1
"148","http://www.jstor.org/stable/45217044","Tuning In, Not Turning Out: Evaluating the Impact of Ethnic Television on Political Participation","American Journal of Political Science",2019,NA,"article","research-article","jstor",NA,2019-10-01,4,63,"http://www.jstor.org/stable/45217044","Yamil Ricardo Velez; Benjamin J. Newman","Midwest Political Science Association","eng","808","823",NA,10600,16,"unigram; bigram; trigram","AJPS",1
"149","http://www.jstor.org/stable/25548124","A Comparative Analysis of Political Communication Systems and Voter Turnout","American Journal of Political Science",2009,NA,"article","research-article","jstor",NA,2009-04-01,2,53,"http://www.jstor.org/stable/25548124","Mijeong Baek","Midwest Political Science Association","eng","376","393",NA,11887,18,"unigram; bigram; trigram","AJPS",1
"150","http://www.jstor.org/stable/23025128","Power within Parties: The Strength of the Local Party and MP Independence in Postcommunist Europe","American Journal of Political Science",2011,NA,"article","research-article","jstor",NA,2011-10-01,4,55,"http://www.jstor.org/stable/23025128","Margit Tavits","Midwest Political Science Association","eng","923","936",NA,10849,14,"unigram; bigram; trigram","AJPS",1
"151","http://www.jstor.org/stable/26598777","Chains of Love? Global Production and the Firm-Level Diffusion of Labor Standards","American Journal of Political Science",2018,NA,"article","research-article","jstor",NA,2018-07-01,3,62,"http://www.jstor.org/stable/26598777","Edmund J. Malesky; Layna Mosley","Midwest Political Science Association","eng","712","728",NA,11138,17,"unigram; bigram; trigram","AJPS",1
